<?xml version='1.0' encoding='utf-8' standalone='yes' ?>
<map>
    <string name="dsp.compression.knee">30</string>
    <string name="dsp.bs2b.mode">2</string>
    <string name="dsp.compression.ratio">12</string>
    <string name="dsp.bass.mode">600</string>
    <boolean name="dsp.masterswitch.enable" value="true" />
    <boolean name="dsp.stereowide.enable" value="false" />
    <string name="dsp.stereowide.mode">2</string>
    <boolean name="dsp.bs2b.enable" value="false" />
    <string name="dsp.compression.threshold">-60</string>
    <string name="dsp.tone.eq">custom</string>
    <boolean name="dsp.bass.enable" value="false" />
    <string name="dsp.compression.pregain">12</string>
    <string name="dsp.compression.release">0.24</string>
    <string name="dsp.convolver.resampler">/storage/emulated/0/JamesDSP/Convolver/48000_Hi-FI.irs</string>
    <string name="dsp.compression.attack">0.01</string>
    <string name="dsp.masterswitch.limthreshold">-0.1</string>
    <string name="dsp.bass.filtertype">0</string>
    <boolean name="dsp.tone.enable" value="true" />
    <string name="dsp.masterswitch.limrelease">60.0</string>
    <string name="dsp.bass.freq">55</string>
    <boolean name="dsp.analogmodelling.enable" value="false" />
    <string name="dsp.convolver.quality">1</string>
    <string name="dsp.analogmodelling.tubedrive">1</string>
    <boolean name="dsp.convolver.enable" value="false" />
    <string name="dsp.convolver.files">/storage/emulated/0/JamesDSP/Convolver/Hi-FI.irs</string>
    <string name="dsp.tone.filtertype">1</string>
    <string name="dsp.tone.eq.custom">4.0597672;1.1340981;0.3429728;0.0000000;0.0000000;0.4176073;1.7759542;2.6715670;3.8358641;2.5670795;2.4775181;3.5671797;5.4927483;0.4623880;-0.1197605;</string>
    <boolean name="dsp.ddc.enable" value="false" />
    <string name="dsp.ddc.files">Не выбран</string>
    <string name="dsp.convolver.gain">-3</string>
</map>
