<?xml version='1.0' encoding='utf-8' standalone='yes' ?>
<map>
    <string name="dsp.compression.knee">30</string>
    <string name="dsp.bs2b.mode">0</string>
    <string name="dsp.compression.ratio">12</string>
    <string name="dsp.analogmodelling.tubedrive">2</string>
    <string name="dsp.convolver.files">Не выбран</string>
    <string name="dsp.bass.mode">600</string>
    <boolean name="dsp.masterswitch.enable" value="false" />
    <string name="dsp.stereowide.mode">0</string>
    <string name="dsp.compression.threshold">-60</string>
    <string name="dsp.tone.eq">0.0;0.0;0.0;0.0;0.0;0.0;0.0;0.0;0.0;0.0;0.0;0.0;0.0;0.0;0.0</string>
    <string name="dsp.compression.pregain">12</string>
    <string name="dsp.compression.release">0.24</string>
    <string name="dsp.tone.filtertype">0</string>
    <string name="dsp.convolver.resampler"></string>
    <string name="dsp.compression.attack">0.01</string>
    <string name="dsp.masterswitch.limthreshold">-0.1</string>
    <string name="dsp.bass.filtertype">0</string>
    <string name="dsp.masterswitch.limrelease">60.0</string>
    <string name="dsp.bass.freq">55</string>
    <string name="dsp.convolver.quality">1</string>
    <string name="dsp.ddc.files">Не выбран</string>
    <string name="dsp.convolver.gain">0.0</string>
</map>
